XO-5	Lynx	Absolutno*	//	IAU new 2019Czech Republic proposal; a fictional substance in the novel Továrna na absolutno by Karel Čapek.
θ1 Eridani A	Eridanus	Acamar	/ˈækəmɑːr/	
α Eridani A	Eridanus	Achernar	/ˈeɪkərnɑːr/	The name was originally Arabic: آخر النهر ʾāẖir an-nahr ('river's end').
η Cassiopeiae A	Cassiopeia	Achird	/ˈeɪtʃərd/	Apparently first applied to η Cassiopeiae in the Skalnate Pleso Atlas of the Heavens published in 1950, but is not known prior to that.
β1 Scorpii Aa	Scorpius	Acrab	/ˈeɪkræb/	The traditional name of the β Scorpii system has been rendered Akrab and Elakrab, derived (like Acrab) from Arabic: العقرب al-ʿaqrab ('the scorpion').
α Crucis Aa	Crux	Acrux	/ˈeɪkrʌks/	"""Acrux"" is a modern contraction of the Bayer designation, coined in the 19th century, but which entered into common use only by the mid-20th century."
α Cancri Aa	Cancer	Acubens	/ˈækjuːbɛnz/	The name was originally Arabic: الزبانى az-zubāná ('the claws').
ζ Leonis Aa	Leo	Adhafera	/ædəˈfɪərə/	Also called Aldhafera. The name is originally from Arabic: الضفيرة aḍ-ḍafīra ('the braid (or curl, or strand)' [of the lion's mane]).
ε Canis Majoris A	Canis Major	Adhara	/əˈdɛərə/	The name is originally from Arabic: عذارى ʿaḏārá ('virgins'). In the Calendarium of Al Achsasi Al Mouakket, it is designated أول العذاري ʾawwil al-ʿaḏāriyy, translated into Latin as Prima Virginum ('first virgin').
ξ Andromedae	Andromeda	Adhil	/əˈdɪl/	The name was originally Arabic: الذيل aḏ-ḏayl (the train, lit. 'the tail').
ε Tauri Aa1	Taurus	Ain	/ˈeɪn/	The name is originally from Arabic: عين ʿayn ('eye') and was reviewed and adopted by the Working Group on Star Names.
ν1 Sagittarii A	Sagittarius	Ainalrami	/ˌɛnəlˈreɪmi/	From Arabic: عين الرامي ʿayn ar-rāmī ('eye of the archer').
η Lyrae Aa	Lyra	Aladfar	/əˈlædfɑːr/	The name is originally from Arabic: الأظفر al-ʾuẓfur ('the talons' [of the swooping eagle]), shared with μ Lyrae (Alathfar).
γ Andromedae	Andromeda	Alamak†	/ˈæləmæk/	The name is originally from Arabic: العناق الأرض al-ʿanāq al-ʾarḍ ('the caracal') (desert lynx).
HD 168746	Serpens	Alasia*	/əˈleɪziə/	IAU new 2019Cypriot proposal; first historically recorded name of Cyprus (mid-15th century).
μ Lyrae	Lyra	Alathfar†	/əˈlæθfɑːr/	The name is originally from Arabic: الأظفر al-ʾuẓfur ('the talons' [of the swooping eagle]), shared with η Lyrae (Aladfar).
π Sagittarii A	Sagittarius	Albaldah	/ælˈbɔːldə/	The name is originally from Arabic: البلدة al-balda ('town'). In the Calendarium of Al Achsasi Al Mouakket, it is designated نير البلدة nayyir al-baldah, translated into Latin as Lucida Oppidi ('brightest of the town').
ε Aquarii	Aquarius	Albali	/ælˈbeɪli/	The name is originally from Arabic: البالع al-bāliʿ ('the swallower').
β1 Cygni Aa	Cygnus	Albireo	/ælˈbɪrioʊ/	The source of the name Albireo is not entirely clear.
α Corvi	Corvus	Alchiba	/ˈælkᵻbə/	From Arabic: الخباء al-ẖibāʾ ('tent'). In the Calendarium of Al Achsasi Al Mouakket, it is designated المنخر الغراب al-manẖar al-ġurāb, translated into Latin as Rostrum Corvi ('beak of the crow').
80 Ursae Majoris Ca	Ursa Major	Alcor	/ˈælkɔːr/	From Arabic: الخوار al‑ẖawwār ('the faint one').
η Tauri A	Taurus	Alcyone	/ælˈsaɪəniː/	Member of the Pleiades open star cluster (M45). Alcyone (Ancient Greek: Ἀλκυόνη Alkuonē) was one of the Pleiades sisters in Greek mythology.
α Tauri	Taurus	Aldebaran	/ælˈdɛbərən/	The name was originally Arabic: الدبران ad-dabarān ('the follower' [of the Pleiades]).
α Cephei	Cepheus	Alderamin	/ælˈdɛrəmɪn/	From Arabic: الذراع اليمين aḏ-ḏirāʿ al-yamīn ('the right arm' [of Cepheus]).
γ Gruis	Grus	Aldhanab	/ˈældənæb/	The name was originally الذنب aḏ-ḏanab ('the tail' [of the constellation of the Southern Fish]).
ζ Draconis A	Draco	Aldhibah	/ælˈdaɪbə/	From Arabic: الضباع aḍ-ḍibāʿ ('the hyenas').
ε Delphini	Delphinus	Aldulfin	/ælˈdʌlfən/	Shortening of Arabic: ذنب الدلفين ḏanab ad-dulfīn ('tail of the dolphin').
β Cephei Aa	Cepheus	Alfirk	/ˈælfərk/	From Arabic: الفرق al-firq ('the flock'). Name given by Ulugh Beg to the asterism consisting of α, β and η Cephei.
α2 Capricorni	Capricornus	Algedi	/ælˈdʒiːdi/	From Arabic: الجدي al-jady ('the (male) kid'). Alternative traditional names are Al Giedi, Secunda Giedi and Algiedi Secunda.
γ Pegasi	Pegasus	Algenib	/ælˈdʒiːnᵻb/	From Arabic: الجانب al-jānib ('the flank'). Algenib is also another name for α Persei (Mirfak).
γ1 Leonis	Leo	Algieba	/æˈdʒiːbə/	From Arabic: الجبهة al-jabha ('the forehead' [of the lion]).
β Persei Aa1	Perseus	Algol	/ˈælɡɒl/	From Arabic: رأس الغول raʾs al-ġūl ('head of the ogre'). In Egyptian, Horus.
δ Corvi A	Corvus	Algorab	/ˈælɡəræb/	The traditional name Algorab is derived from Arabic: الغراب al-ġurāb ('the crow'). The WGSN re-designated the star as Algorab in July 2016.
γ Geminorum Aa	Gemini	Alhena	/ælˈhiːnə/	Derived from Arabic: الهنعة al-hanʿa ('the brand' [on the neck of the camel]).
ε Ursae Majoris A	Ursa Major	Alioth	/ˈæliɒθ/	Member of the Big Dipper or the Plough (UK).
ε Cygni Aa	Cygnus	Aljanah	/ˈældʒənə/	
η Ursae Majoris	Ursa Major	Alkaid	/ælˈkeɪd/	Member of the Big Dipper or the Plough (UK).
ρ2 Cephei	Cepheus	Al Kalb al Rai†[citation needed]	//	
μ1 Boötis Aa	Boötes	Alkalurops	/ælkəˈljʊərɒps/	
κ Ursae Majoris A	Ursa Major	Alkaphrah	/ælˈkæfrə/	
υ Pegasi	Pegasus	Alkarab	/ˈælkəræb/	
α Crateris	Crater	Alkes	/ˈælkɛs/	
ε Aurigae	Auriga	Almaaz	/ˈælmeɪ.əz/	
γ Andromedae A	Andromeda	Almach	/ˈælmæk/	
κ Leonis	Leo	Al Minliar al Asad†	//	
α Gruis	Grus	Alnair	/ælˈnɛər/	
γ2 Sagittarii	Sagittarius	Alnasl	/ælˈnæzəl/	From Arabic: النصل an-naṣl ('the point' [of the archer's arrow]).
ε Orionis	Orion	Alnilam	/ˈælnᵻlæm/	The middle star in Orion's belt.
ζ Orionis Aa	Orion	Alnitak	/ˈælnᵻtæk/	The traditional name, alternately spelled Al Nitak or Alnitah, is from Arabic: النطاق an-niṭāq ('the girdle').: 314–315
σ Scorpii Aa1	Scorpius	Alniyat	/ælˈnaɪæt/	
α Hydrae	Hydra	Alphard	/ˈælfɑːrd/	
α Coronae Borealis	Corona Borealis	Alphecca	/ælˈfɛkə/	The name نير الفكة nayyir al-fakka ('bright (star) of the broken' [ring of stars]) is found in the Al Achsasi al Mouakket catalogue (c. 1650).
α Andromedae Aa	Andromeda	Alpheratz	/ælˈfɪəræts/	
η Piscium A	Pisces	Alpherg	/ˈælfɜːrɡ/	
μ Draconis A	Draco	Alrakis	/ælˈreɪkᵻs/	From Arabic: الراقص ar-rāqiṣ ('the dancer'); also spelled Arrakis and Elrakis.
α Piscium A	Pisces	Alrescha	/ælˈriːʃə/	
HD 161693	Draco	Alruba	/ælˈruːbə/	
σ Draconis	Draco	Alsafi	/ælˈseɪfi/	
31 Lyncis	Lynx	Alsciaukat	/ælʃiˈɔːkæt/	
δ Velorum Aa	Vela	Alsephina	/ælsᵻˈfaɪnə/	
β Aquilae A	Aquila	Alshain	/ælˈʃeɪn/	
ν Capricorni A	Capricornus	Alshat	/ˈælʃæt/	
α Aquilae	Aquila	Altair	/ælˈteɪ.ər/	From Arabic: (النسر) الطائر (an-nasr) aṭ-ṭāʾir ('the flying' [eagle]). Altair is one of the vertices of the Summer Triangle asterism.
δ Draconis	Draco	Altais	/ælˈteɪ.ᵻs/	
λ Leonis	Leo	Alterf	/ˈæltərf/	
η Canis Majoris	Canis Major	Aludra	/əˈluːdrə/	
ξ Ursae Majoris Aa	Ursa Major	Alula Australis	/əˈluːlə ɔːˈstreɪlᵻs/	
ν Ursae Majoris	Ursa Major	Alula Borealis	/əˈluːlə bɒriˈælᵻs/	
θ1 Serpentis A	Serpens	Alya	/ˈeɪliə/	
ξ Geminorum	Gemini	Alzirr	/ˈælzər/	Alternately spelled Alzir.
HD 43197	Canis Major	Amadioha*	//	IAU new 2019Nigerian proposal; named after Amadioha, a god in Igbo mythology.
WASP-34	Crater	Amansinaya*	//	IAU new 2019Philippines proposal. Named after Aman Sinaya, deity of the ocean and protector of fishermen in Tagalog mythology.
WASP-52	Pegasus	Anadolu*	//	IAU new 2019Turkish proposal; refers to the motherland in Turkish culture.
θ Aquarii	Aquarius	Ancha	/ˈæŋkə/	
τ2 Eridani	Eridanus	Angetenar	/ænˈdʒɛtᵻnɑːr/	The name is originally from Arabic: عرجة النهر ʿarjat an-nahr ('the bend of the river').
HD 102956	Ursa Major	Aniara*	//	IAU new 2019Swedish proposal; name of a spaceship in Aniara, the eponymous poem by Harry Martinson.
α Phoenicis	Phoenix	Ankaa	/ˈæŋkə/	
α Vulpeculae	Vulpecula	Anser	/ˈænsər/	Alternative traditional name is Lucida Anseris.
α Scorpii A	Scorpius	Antares	/ænˈtɛəriːz/	From Ancient Greek: Ἀντάρης Antarēs ('like Ares') (Mars).
HD 131496	Boötes	Arcalís*	//	IAU new 2019Andorran proposal; named after Vallnord, a peak in the north of the country.
α Boötis	Boötes	Arcturus	/ɑːrkˈtjʊərəs/	
β2 Sagittarii	Sagittarius	Arkab Posterior	/ˈɑːrkæb pɒˈstɪəriər/	
β1 Sagittarii	Sagittarius	Arkab Prior	/ˈɑːrkæb ˈpraɪər/	
α Leporis A	Lepus	Arneb	/ˈɑːrnɛb	The traditional name Arneb is from Arabic: أرنب ʾarnab ('hare').: 268  (Lepus is Latin for hare.)
ζ Sagittarii A	Sagittarius	Ascella	/əˈsɛlə/	Part of the Teapot asterism.
δ Cancri Aa	Cancer	Asellus Australis	/əˈsɛləs ɔːsˈtreɪlᵻs/	
γ Cancri Aa	Cancer	Asellus Borealis	/əˈsɛləs bɒriˈælᵻs/	
ε Hydrae A	Hydra	Ashlesha	/æʃˈleɪʃə/	
θ Boötis	Boötes	Asellus Primus†	/əˈsɛləs ˈpraɪməs/	Latin for 'first donkey colt'.
ι Boötis	Boötes	Asellus Secundus†	/əˈsɛləs sᵻˈkʌndəs/	Latin for 'second donkey colt'.
κ Boötis	Boötes	Asellus Tertius†	/əˈsɛləs ˈtɜːrʃiəs/	Latin for 'third donkey colt'.
ι Carinae	Carina	Aspidiske	/ˌæspᵻˈdɪskiː/	
21 Tauri A	Taurus	Asterope, Sterope†	/(ə)ˈstɛrəpiː/	Member of the Pleiades open star cluster (M45). Asterope was one of the Pleiades sisters in Greek mythology.
WASP-64	Canis Major	Atakoraka*	//	IAU new 2019Togolese proposal; means 'the chain of the Atacora', a mountain range.
η Draconis A	Draco	Athebyne	/'æθᵻbaɪn/	
ο Persei A	Perseus	Atik	/ˈeɪtɪk/	
27 Tauri Aa1	Taurus	Atlas	/ˈætləs/	Member of the Pleiades open star cluster (M45). Atlas was the Titan of endurance and astronomy and the father of the Pleiades sisters in Greek mythology.
α Trianguli Australis	Triangulum Australe	Atria	/ˈeɪtriə/	
ε Carinae A	Carina	Avior	/ˈeɪviər/	"Designated ""Avior"" by His Majesty's Nautical Almanac Office for the Royal Air Force in the 1930s."
HD 224693	Cetus	Axólotl*	//	IAU new 2019Mexican proposal. An axolotl is a culturally significant amphibian; the name means 'water animal' in the Nahuatl language.
HD 18742	Eridanus	Ayeyarwady*	//	IAU new 2019Myanmar proposal; named after the Irrawaddy River.
π1 Cygni	Cygnus	Azelfafage	/əˈzɛlfəfeɪdʒ/	Variously reported as from Arabic: السلحفاة as-sulaḥfāh ('turtle'), الطلف الفرس aṭ-ṭilf al-faras ('horse track'), or عزل الدجاجة ʿazal ad-dajāja ('tail of the hen').: 192–197
η Eridani	Eridanus	Azha	/ˈeɪzə/	Originally from Arabic: أدحي (النعام) ʾudḥiyy (an-naʿām) ('nest' [of the ostrich]); later miscopied as أرحى ʾazḥá in medieval manuscripts.
ξ Puppis	Puppis	Azmidi	/ˈæzmᵻdi/	Alternatively rendered Asmidiske†.
8 Ursae Minoris	Ursa Minor	Baekdu*	/ˈbɛkduː/	IAU new 2019South Korean proposal; named after the highest mountain on the Korean peninsula.
V2500 Ophiuchi	Ophiuchus	Barnard's Star	/ˈbɑːrnərdz/	Named after the American astronomer Edward Emerson Barnard, the first to measure its high proper motion.
ζ Ceti Aa	Cetus	Baten Kaitos	/ˈbeɪtən ˈkeɪtɒs/	
υ3 Eridani	Eridanus	Beemim	/ˈbiːməm/	
ο1 Eridani	Eridanus	Beid	/ˈbaɪd/	The name is originally from Arabic: البيض al-bayḍ ('the eggs').
HD 181342	Sagittarius	Belel*	//	IAU new 2019Senegalese proposal; a rare source of water in the North.
HD 8574	Pisces	Bélénos*	//	IAU new 2019French proposal; named after Belenus, a god of light, the Sun and of health in Gaulish mythology.
γ Orionis	Orion	Bellatrix	/bɛˈleɪtrɪks/	Latin for 'female warrior'; applied to this star in the 15th century.
HAT-P-15	Perseus	Berehynia*	//	"IAU new 2019Ukrainian proposal. A deity of waters and riverbanks in Slavic religion; now a national goddess – ""hearth mother, protectress of the earth""."
α Orionis Aa	Orion	Betelgeuse	/ˈbɛtəldʒuːz, ˈbiːtəl-, -dʒuːs/	Derived from Arabic: يد الجوزاء yad al-jawzāʾ ('the hand of') (an old asterism).
41 Arietis Aa	Aries	Bharani	/ˈbærəni/	
HD 86081	Sextans	Bibhā*	//	IAU new 2019Indian proposal; Bengali pronunciation of Sanskrit Vibha, meaning 'a bright beam of light'.
θ Pegasi	Pegasus	Biham	/ˈbaɪ.æm/	
HD 206610	Aquarius	Bosona*	//	IAU new 2019Bosnia and Herzegovina proposal; name of the territory of Bosnia in the 10th century.
δ Arietis	Aries	Botein	/ˈboʊtiːn/	
σ Librae A	Libra	Brachium	/ˈbreɪkiəm/	
HD 38283	Mensa	Bubup*	//	IAU new 2019Australian proposal; means 'child' in the Boonwurrung language.
HD 16175	Andromeda	Buna*	//	IAU new 2019Ethiopian proposal; a commonly used word for coffee.
ξ Aquarii A	Aquarius	Bunda	/ˈbʌndə/	
α Carinae A	Carina	Canopus	/kəˈnoʊpəs/	Ptolemy's Κάνωβος, after Canopus (Kanōpos, Kanōbos), a pilot from Greek mythology, whose name is itself of uncertain etymology.
α Aurigae Aa	Auriga	Capella	/kəˈpɛlə/	The traditional name Capella ('small female goat') is from Latin, and is a diminutive of capra ('female goat').: 86
β Cassiopeiae A	Cassiopeia	Caph	/ˈkæf/	The name is originally Arabic: كف kaff ('palm'), a residue of an old name of Cassiopeia, الكف الخصيب al-kaff al-ẖaḍīb ('the stained hand'); also known as السنام الناقة as-sanām al-nāqa ('the camel's hump').
α Geminorum Aa	Gemini	Castor	/ˈkæstər/	
υ2 Cassiopeiae	Cassiopeia	Castula	/ˈkæstjʊlə/	
β Ophiuchi	Ophiuchus	Cebalrai	/ˌsɛbəlˈreɪ.iː/	
HD 63454	Chamaeleon	Ceibo*	//	IAU new 2019Uruguayan proposal; named after Erythrina crista-galli (the native tree that gives rise to the national flower).
16 Tauri	Taurus	Celaeno	/sᵻˈliːnoʊ/	Member of the Pleiades open star cluster (M45). Celaeno was one of the Pleiades sisters in Greek mythology.
μ Arae	Ara	Cervantes	/sɜːrˈvæntiːz/	IAU new 2015Named after Miguel de Cervantes Saavedra, the Spanish author of El Ingenioso Hidalgo Don Quixote de la Mancha (Don Quixote).
47 Ursae Majoris	Ursa Major	Chalawan		IAU new 2015Named after Chalawan, a mythological crocodile king from a Thai folktale.
θ2 Tauri Aa	Taurus	Chamukuy	/ˈtʃɑːmuːkuːi/	
WASP-50	Eridanus	Chaophraya*	/tʃaʊˈpraɪə/	IAU new 2019Thai proposal; named after the Chao Phraya River.
β Canum Venaticorum Aa	Canes Venatici	Chara	/ˈkɛərə/	
HAT-P-5	Lyra	Chason*	//	IAU new 2019Slovakian proposal; an ancient Slovak term for the Sun.
HD 192699	Aquila	Chechia*	//	IAU new 2019Tunisian proposal; a taqiyah (traditional hat) and national headdress.
θ Leonis	Leo	Chertan		Alternative traditional name Chort.
HD 1502	Pisces	Citadelle*	//	IAU new 2019Haitian proposal; named after Citadelle Laferrière, a mountaintop fortress and UNESCO World Heritage Site.
HD 52265	Monoceros	Citalá*	//	IAU new 2019El Salvadorian proposal; means 'river of stars' in the Nawat language.
HD 4208	Sculptor	Cocibolca*	//	IAU new 2019Nicaraguan proposal; named after Lake Nicaragua.
55 Cancri A	Cancer	Copernicus	//	IAU new 2015In honor of the astronomer Nicolaus Copernicus.
α2 Canum Venaticorum Aa	Canes Venatici	Cor Caroli	/ˌkɔːr ˈkærəlaɪ/	Named after Charles I of England by Sir Charles Scarborough.
ω Herculis A	Hercules	Cujam	/ˈkjuːdʒəm/	Traditional name, variously spelled Kajam.
β Eridani	Eridanus	Cursa	/ˈkɜːrsə/	The name is originally from Arabic: الكرسي al-kursiyy ('the chair, footstool').
β1 Capricorni Aa	Capricornus	Dabih	/ˈdeɪbiː/	
α Fornacis A	Fornax	Dalim	/ˈdeɪlᵻm/	
α Cygni	Cygnus	Deneb	/ˈdɛnɛb/	The name is originally from Arabic: ذنب الدجاجة ḏanab ad-dajāja. In Chinese, Deneb is part of the 鵲橋 ('Magpie bridge') in the Qi Xi love story. Deneb is one of the vertices of the Summer Triangle asterism.
δ Capricorni Aa	Capricornus	Deneb Algedi	/ˌdɛnɛb ælˈdʒiːdiː/	
β Leonis	Leo	Denebola	/dəˈnɛbələ/	
α Comae Berenices A	Coma Berenices	Diadem	/ˈdaɪədɛm/	
HD 96063	Leo	Dingolay*	//	IAU new 2019Trinidad and Tobago proposal; means 'to dance, twist and turn', symbolising the national ancestral culture and language.
β Ceti	Cetus	Diphda	/ˈdɪfdə/	Arabic for 'frog', from the phrase ضفدع الثاني aḍ-ḍifdaʿ aṯ-ṯānī 'the second frog' (the 'first frog' is Fomalhaut)
WASP-17	Scorpius	Dìwö*	//	IAU new 2019Costa Rican proposal; means 'the Sun' in the Bribri language.
WASP-72	Fornax	Diya*	//	IAU new 2019Mauritian proposal; named after an oil lamp used on special occasions, including Diwali.
HD 117618	Centaurus	Dofida*	//	IAU new 2019Indonesian proposal; means 'our star' in the Nias language.
HAT-P-3	Ursa Major	Dombay*	//	IAU new 2019Russian proposal; named after the Dombay resort region in the North Caucasus.
δ Scorpii A	Scorpius	Dschubba	/ˈdʒʌbə/	
α Ursae Majoris A	Ursa Major	Dubhe	/ˈdʌbiː/	Member of the Big Dipper or the Plough (UK).
ψ1 Draconis A	Draco	Dziban	/ˈzaɪbən/	From the traditional name of Dziban or Dsiban, derived from Arabic: الذئبانِ aḏ-ḏiʾbān ('the two wolves' or 'the two jackals').: 212
HD 218566	Pisces	Ebla*	//	IAU new 2019Syrian proposal; named after Ebla, an early kingdom in Syria.
ι Draconis	Draco	Edasich	/ˈɛdəsɪk/	Common name reviewed and adopted by the Working Group on Star Names.
17 Tauri	Taurus	Electra	/ᵻˈlɛktrə/	Member of the Pleiades open star cluster (M45). Electra was one of the Pleiades sisters in Greek mythology.
φ Virginis A	Virgo	Elgafar	/ˈɛlɡəfɑːr/	
θ Columbae	Columba	Elkurud	/ˈɛlkərʌd/	
β Tauri Aa	Taurus	Elnath	/ɛlˈnæθ/	"Variously El Nath or Alnath, from Arabic: النطح an-naṭḥ ('the butting') (i.e. ""the bull's horns"")."
γ Draconis	Draco	Eltanin	/ɛlˈteɪnᵻn/	"Alternative traditional name of Etamin; both originally from the Arabic constellation name التنين at-tinnīn ('the great serpent'). γ Dra was also one of the ""Five Camels"" (Latin: Quinque Dromedarii), in Arabic العوائد al‑ʿawāʾid."
HD 7199	Tucana	Emiw*	//	IAU new 2019Mozambique proposal; represents love in the Makhuwa language.
ε Pegasi	Pegasus	Enif	/ˈiːnɪf/	
γ Cephei Aa	Cepheus	Errai	/ɛˈreɪ.iː/	IAU new 2015
42 Draconis A	Draco	Fafnir	//	IAU new 2015Named after a Norse mythological dwarf who turned into a dragon.
π Scorpii Aa	Scorpius	Fang	/ˈfæŋ/	From the Chinese name 房 Fáng ('the room').
δ Cygni A	Cygnus	Fawaris	/fəˈwɛərᵻs/	
HD 85951	Hydra	Felis	/ˈfiːlᵻs/	
BD−17 63	Cetus	Felixvarela*	//	IAU new 2019Cuban proposal; named after Félix Varela, a noted science teacher.
HD 102195	Virgo	Flegetonte*	//	IAU new 2019Italian proposal. Named after Phlegethon, an underworld river of fire in Greek mythology in the poem Divina Commedia (The Divine Comedy) by Dante Alighieri.
α Piscis Austrini A	Piscis Austrinus	Fomalhaut	/ˈfoʊməl.hɔːt/	"IAU new 2015The name is originally from Arabic: فم الحوت fum al-ḥawt ('mouth of the fish'). In Persian astrology, this star was called ""Haftorang, Watcher of the South"", one of the royal stars."
HD 100655	Leo	Formosa*	/fɔːrˈmoʊsə/	IAU new 2019Chinese Taipei proposal; Latin: Formosa ('beautiful') is a historical name for Taiwan.
HAT-P-14	Hercules	Franz*	//	IAU new 2019Austrian proposal; named after Franz Joseph I of Austria.
ζ Cassiopeiae	Cassiopeia	Fulu	/ˈfuːluː/	From the Chinese name 附路 Fùlù ('the auxiliary road').
HD 109246	Draco	Funi*	//	IAU new 2019Icelandic proposal; an Old Icelandic word meaning 'fire' or 'blaze'.
β Piscium	Pisces	Fumalsamakah	/ˌfʌməlˈsæməkə/	
ζ Canis Majoris Aa	Canis Major	Furud	/ˈfjʊərəd/	
G Scorpii	Scorpius	Fuyue	/ˈfuːjuːeɪ/	From the Chinese name Fu Yue.
γ Crucis	Crux	Gacrux	/ˈɡækrʌks/	"The name ""Gacrux"" is a contraction of the Bayer designation, coined by astronomer Elijah Hinsdale Burritt (1794–1838)."
HD 73534	Cancer	Gakyid*	//	IAU new 2019Bhutan proposal; means happiness.
μ Cephei	Cepheus	Garnet Star†	//	"Its colour was described as ""garnet"" by William Herschel. Following Herschel, it was called garnet sidus by Giuseppe Piazzi."
λ Draconis	Draco	Giausar	/ˈdʒɔːzɑːr/	Traditional name, variously spelled Gianfar.
γ Corvi A	Corvus	Gienah	/ˈdʒiːnə/	Also known as Gienah Gurab; the star ε Cygni is also traditionally known as Gienah.
ε Crucis	Crux	Ginan	/ˈɡiːnən/	Traditional name in the culture of the Wardaman people of the Northern Territory of Australia.
WASP-13	Lynx	Gloas*	//	IAU new 2019British proposal; means 'to shine (like a star)' in the Manx Gaelic language.
β Canis Minoris A	Canis Minor	Gomeisa	/ɡɒˈmaɪzə/	
ξ Scorpii	Scorpius	Graffias†	/ˈɡræfiəs/	Italian for 'claws'; also once applied to β Scorpii.: 367
ξ Draconis A	Draco	Grumium	/ˈɡruːmiəm/	
κ Serpentis	Serpens	Gudja	/ˈɡuːdʒə/	
HD 179949	Sagittarius	Gumala*	//	IAU new 2019Brunei proposal; a Malay language word referring to a magical stone found in snakes or dragons.
36 Ophiuchi A	Ophiuchus	Guniibuu	/ɡəˈniːbuː/	
β Centauri Aa	Centaurus	Hadar	/ˈheɪdɑːr/	
η Aurigae	Auriga	Haedus	/ˈhiːdəs/	
α Arietis	Aries	Hamal	/ˈhæməl/	Traditional name (also written Hemal, Hamul, or Ras Hammel) derived from Arabic: رأس الحمل raʾs al-ḥamal ('head of the ram'), in turn from the name for the constellation as a whole, al-ḥamal ('the ram').: 78, 80
ι Aurigae	Auriga	Hassaleh	/ˈhæsəleɪ/	
ι Orionis Aa	Orion	Hatysa	/hɑːˈtiːsə/)	
51 Pegasi	Pegasus	Helvetios	/hɛlˈviːtiəs/	IAU new 2015Latin for 'the Helvetian' and refers to the Celtic tribe that lived in Switzerland during antiquity.
ζ Virginis A	Virgo	Heze	/ˈhiːziː/	
HD 28678	Taurus	Hoggar*	//	IAU new 2019Algerian proposal; named after the Hoggar Mountains.
ζ Pegasi A	Pegasus	Homam	/ˈhoʊmæm/	
HAT-P-38	Triangulum	Horna*	//	IAU new 2019Finnish proposal; the name of hell or the underworld in Finnic mythology.
HD 98219	Crater	Hunahpú*	//	IAU new 2019Honduran proposal; one of the Maya Hero Twins who became the Sun in K'iche' Maya mythology.
HAT-P-2	Hercules	Hunor*	//	IAU new 2019Hungarian proposal; named after the Hunor, one of the legendary ancestors of the nation.
ρ Scorpii Aa	Scorpius	Iklil	/ˈɪklɪl/	
HD 82886	Leo Minor	Illyrian*	/ᵻˈlɪriən/	IAU new 2019Albanian proposal; named after the Illyrians, the people from whom Albanians are descended and what they call themselves.
δ Crucis	Crux	Imai	/ˈiːmaɪ/	
41 Lyncis	Ursa Major	Intercrus	/ˈɪntərkrʌs/	IAU new 2015Intercrus means 'between the legs' in Latin, referring to the star's position in the constellation Ursa Major.
HD 156411	Ara	Inquill*	//	IAU new 2019Peruvian proposal; a character in the story Way to the Sun by Abraham Valdelomar.
HD 20868	Fornax	Intan*	//	IAU new 2019Malaysian proposal; means 'diamond' in the Malay language.
WASP-38	Hercules	Irena*	//	IAU new 2019Slovenian proposal; a character in the novel Under the Free Sun by Fran Saleški Finžgar.
HD 208487	Grus	Itonda*	//	IAU new 2019Gabonese proposal; means 'all that is beautiful' in the Myene language.
ε Boötis A	Boötes	Izar	/ˈaɪzɑːr/	Originally from Arabic: إزار ʾizār ('veil') In the Calendarium of Al Achsasi Al Mouakket, it is designated منطقة ألعوع minṭaqat al‑ʿawwaʿ, translated into Latin as Cingulum Latratoris ('belt of barker'). Named Pulcherrima ('most beautiful') by Otto Struve.
ν Scorpii Aa	Scorpius	Jabbah	/ˈdʒæbə/	
ο Geminorum	Gemini	Jishui	//	
γ Ceti A	Cetus	Kaffaljidhma	/ˌkæfəlˈdʒɪdmə/	
α Lupi	Lupus	Kakkab†[citation needed]	//	
HD 83443	Vela	Kalausi*	//	IAU new 2019Kenyan proposal; means a very strong whirling column of wind in the Dholuo language.
HD 145457	Corona Borealis	Kamuy*	//	IAU new 2019Japanese proposal; a word denoting Kamuy, a supernatural entity in the Ainu language.
κ Virginis	Virgo	Kang	/ˈkæŋ/	From the Chinese name 亢 Kàng ('the neck').
HD 137388	Apus	Karaka*	//	IAU new 2019New Zealand proposal; word for a local plant that produces orange fruit in the Māori language.
ε Sagittarii A	Sagittarius	Kaus Australis	/ˈkɔːs ɔːˈstreɪlᵻs/	Part of the Teapot asterism.
λ Sagittarii	Sagittarius	Kaus Borealis	/ˈkɔːs bɒriˈælᵻs/	The top of the Teapot asterism.
δ Sagittarii	Sagittarius	Kaus Media	/ˌkɔːs ˈmiːdiə/	Part of the Teapot asterism.
HD 175541	Serpens	Kaveh*	//	IAU new 2019Iranian proposal; named after Kāve, a hero of the epic poem Shahnameh composed by Ferdowsi.
β Lupi	Lupus	Kekouan†[citation needed]	/ˈkɛkwɑːn/	
ο2 Eridani A	Eridanus	Keid	/ˈkaɪd/	
λ Virginis A	Virgo	Khambalia	/kæmˈbeɪliə/	
α Equulei A	Equuleus	Kitalpha	/kᵻˈtælfə/	
β Ursae Minoris	Ursa Minor	Kochab	/ˈkoʊkæb/	
HIP 12961	Eridanus	Koeia*	//	IAU new 2019Puerto Rican proposal; means 'star' in the Taíno language.
XO-4	Lynx	Koit*	//	IAU new 2019Estonian proposal; means 'dawn' in the Estonian language.
β Herculis Aa	Hercules	Kornephoros	/kɔːrˈnɛfərəs/	
β Corvi	Corvus	Kraz	/ˈkræz/	
ν Draconis	Draco	Kuma†	/ˈkjuːmə/	
ξ Cephei Aa	Cepheus	Kurhah	/ˈkɜːr.hə/	
Y Canum Venaticorum	Canes Venatici	La Superba	/ˌlɑːsuːˈpɜːrbə/	A modern (19th century) name, due to Angelo Secchi.
ε Scorpii	Scorpius	Larawag	/ˈlærəwæɡ/	Traditional name in the culture of the Wardaman people of the Northern Territory of Australia.
HAT-P-42	Hydra	Lerna*	/ˈlɜːrnə/	IAU new 2019Greek proposal; named after Lerna, the lake where the mythical Hydra lived.
υ Scorpii	Scorpius	Lesath	/ˈliːsæθ/	
ξ Aquilae A	Aquila	Libertas	/ˈlɪbərtæs/	IAU new 2015Latin for 'liberty' (Aquila is Latin for 'eagle', a popular symbol of liberty).
PSR B1257+12	Virgo	Lich	/ˈlɪtʃ/	IAU new 2015A neutron star and pulsar with planets. A lich is a fictional undead creature known for controlling other undead creatures with magic.
HD 118203	Ursa Major	Liesma*	//	IAU new 2019Latvian proposal; means 'fire' and is the name of a character in the poem Staburags un Liesma.
39 Arietis	Aries	Lilii Borea	/ˈlɪliaɪ ˈbɔərɪə/	
HD 212771	Aquarius	Lionrock*	/ˈlaɪənrɒk/	IAU new 2019Hong Kong proposal; named after Lion Rock, a culturally important lion-shaped peak.
HD 45350	Auriga	Lucilinburhuc*	//	IAU new 2019Luxembourger proposal; named after the Fortress of Luxembourg built in 963 by Count Siegfried, the founder of Luxembourg.
HD 45652	Monoceros	Lusitânia*	//	IAU new 2019Portuguese proposal; ancient name for Lusitania, the region where most of Portugal is situated.
λ Herculis	Hercules	Maasym	/ˈmeɪəsɪm/	
HD 93083	Antlia	Macondo*	//	IAU new 2019Colombian proposal; named after a mythical village from the novel Cien anos de soledad (One Hundred Years of Solitude) by Gabriel García Márquez.
HD 32518	Camelopardalis	Mago*	//	IAU new 2019German proposal; named after Mago National Park, a national park in Ethiopia noted for its giraffes (Camelopardalis is Latin for 'giraffe').
θ Aurigae A	Auriga	Mahasim	//	
HD 152581	Ophiuchus	Mahsati*	//	IAU new 2019Azerbaijani proposal; named after the poet Mahsati Ganjavi.
20 Tauri	Taurus	Maia	/ˈmeɪ.ə, ˈmaɪ.ə/	Member of the Pleiades open star cluster (M45). Maia was one of the Pleiades sisters in Greek mythology.
WASP-39	Virgo	Malmok*	//	IAU new 2019Aruban proposal; the indigenous name given to Palm Beach, a beach and popular snorkelling spot.
θ Cassiopeiae	Cassiopeia	Marfak†[citation needed]	/ˈmɑːrfæk/	The name is originally from Arabic: المرفق al-mirfaq ('the elbow').
λ Ophiuchi A	Ophiuchus	Marfik	/ˈmɑːrfɪk/	
α Pegasi	Pegasus	Markab	/ˈmɑːrkæb/	
κ Velorum	Vela	Markeb	/ˈmɑːrkɛb/	
WASP-6	Aquarius	Márohu*	//	IAU new 2019Dominican Republic proposal; the god of drought and protector of the Sun.
κ Herculis A	Hercules	Marsic	/ˈmɑːrsɪk/	
η Pegasi Aa	Pegasus	Matar	/ˈmeɪtɑːr/	
HAT-P-21	Ursa Major	Mazaalai*	//	IAU new 2019Mongolian proposal; a name given to the Gobi bear.
ε Geminorum	Gemini	Mebsuta	/mɛbˈsuːtə/	
δ Ursae Majoris	Ursa Major	Megrez	/ˈmiːɡrɛz/	Member of the Big Dipper or the Plough (UK).
λ Orionis A	Orion	Meissa	/ˈmaɪsə/	Traditional name deriving from Arabic: الميسان al-maysān ('the shining one').
ζ Geminorum Aa	Gemini	Mekbuda	/mɛkˈbjuːdə/	
ε Cancri Aa	Cancer	Meleph	//	
β Aurigae Aa	Auriga	Menkalinan	/mɛŋˈkælᵻnæn/	
α Ceti	Cetus	Menkar	/ˈmɛŋkɑːr/	Derived from Arabic: منخر manẖar ('nostril'), or al‑minẖar ('nose' [of Cetus]).: 162
θ Centauri	Centaurus	Menkent	/ˈmɛŋkɛnt/	
ξ Persei	Perseus	Menkib	/ˈmɛŋkᵻb/	
β Ursae Majoris	Ursa Major	Merak	/ˈmɪəræk/	Member of the Big Dipper or the Plough (UK).
38 Boötis	Boötes	Merga	/ˈmɜːrɡə/	
α Coronae Australis	Corona Australis	Meridiana	/məˌrɪdiˈænə/	
23 Tauri Aa	Taurus	Merope	/ˈmɛrəpi/	Member of the Pleiades open star cluster (M45). Merope was one of the Pleiades sisters in Greek mythology.
γ1 Arietis A	Aries	Mesarthim	/mɛˈsɑːrθᵻm/	
β Carinae	Carina	Miaplacidus	/ˌmaɪəˈplæsᵻdəs/	
β Crucis	Crux	Mimosa	/mᵻˈmoʊsə/	"Also bore the alternative historical name ""Becrux"", a modern contraction of the Bayer designation."
σ Hydrae	Hydra	Minchir	/ˈmɪŋkər/	
δ Virginis	Virgo	Minelauva	/ˌmɪnəˈlɔːvə/	Alternately spelled Minelava.
δ Orionis Aa	Orion	Mintaka	/ˈmɪntəkə/	The right-most star in Orion's belt. The name Mintaka itself is derived from Arabic: منطقة manṭaqa ('belt').: 314–315
ο Ceti Aa	Cetus	Mira	/ˈmaɪərə/	Latin for 'wonderful' or 'astonishing'; named by Johannes Hevelius in his Historiola Mirae Stellae (1662).
β Andromedae	Andromeda	Mirach	/ˈmaɪræk/	
η Persei A	Perseus	Miram	/ˈmaɪræm, ˈmaɪərəm/	
α Persei	Perseus	Mirfak	/ˈmɜːrfæk/	
β Canis Majoris	Canis Major	Mirzam	/ˈmɜːrzəm/	
κ Persei Aa	Perseus	Misam	/ˈmaɪzəm/	
ζ Ursae Majoris Aa	Ursa Major	Mizar	/ˈmaɪzɑːr/	"Member of the Big Dipper or the Plough (UK). The name is originally from Arabic: المئزر al-miʾzar ('apron, waistband, girdle'). Also called 禄 Lù ('Status'), one of the ""Three Stars"" in Chinese mythology. The Lù star is believed to be Zhang Xian, who lived during the Later Shu dynasty. The word lù specifically refers to the salary of a government official. As such, the Lù star is the star of prosperity, rank, and influence."
XO-1	Corona Borealis	Moldoveanu*	//	IAU new 2019Romanian proposal; named after Moldoveanu Peak, the highest peak in Romania.
HD 130322	Virgo	Mönch*	//	IAU new 2019Swiss proposal; named after Mönch, a prominent Alpine peak in Switzerland.
WASP-79	Eridanus	Montuno*	//	IAU new 2019Panamanian proposal; a traditional dancing costume.
WASP-60	Pegasus	Morava*	//	IAU new 2019Serbian proposal; named after the Great Morava river system.
HAT-P-23	Delphinus	Moriah*	/mɒˈraɪə/	IAU new 2019Palestinian proposal; ancient name for Temple Mount in Jerusalem.
α Trianguli	Triangulum	Mothallah	/məˈθælə/	
HD 30856	Eridanus	Mouhoun*	//	IAU new 2019Burkina Faso proposal; named after the Black Volta, the largest river.
WASP-71	Cetus	Mpingo*	/ɛmˈpɪŋɡoʊ/	IAU new 2019Tanzanian proposal; named after Dalbergia melanoxylon, a tree whose ebony wood is used for musical instruments.
γ Canis Majoris	Canis Major	Muliphein	/ˈmjuːlᵻfeɪn/	
η Boötis Aa	Boötes	Muphrid	/ˈmjuːfrᵻd/	Alternative traditional spelling of Mufrid.
ο Ursae Majoris A	Ursa Major	Muscida	/ˈmjuːsᵻdə/	
18 Delphini	Delphinus	Musica	/ˈmjuːzᵻkə/	IAU new 2015Latin for 'music' (the ancient Greek musician Arion's life was saved at sea by dolphins (delphinus) after attracting their attention by playing his kithara).
HAT-P-29	Perseus	Muspelheim*	//	IAU new 2019Danish proposal; named after the Norse mythological realm of fire Muspelheim.
ξ Cancri A	Cancer	Nahn	/ˈnɑːn/	
WASP-62	Dorado	Naledi*	//	IAU new 2019South African proposal; means 'star' in the Sesotho, SeTswana and SePedi languages.
ζ Puppis	Puppis	Naos	/ˈneɪ.ɒs/	
γ1 Sagittarii A	Sagittarius	Nash†[citation needed]	//	Along with brighter star γ2 Sagittarii (Alnasl), it makes up the spout of the Teapot asterism.
γ Capricorni A	Capricornus	Nashira	/ˈnæʃɪrə/	
HD 68988	Ursa Major	Násti*	//	IAU new 2019Norwegian proposal; means 'star' in the Sámi language.
HD 85390	Vela	Natasha*	//	IAU new 2019Zambian proposal; means 'thank you' in many national languages.
γ Cassiopeiae	Cassiopeia	Navi†	//	"""Navi"" is a modern name, due to Gus Grissom (his middle name ""Ivan"" spelled backward)."
β Boötis	Boötes	Nekkar	/ˈnɛkɑːr/	
51 Andromedae	Andromeda	Nembus	/ˈnɛmbəs/	
HD 6434	Phoenix	Nenque*	/ˈnɛŋkiː/	IAU new 2019Ecuadorian proposal; means 'the Sun' in the language of the Waorani tribes.
HD 49674	Auriga	Nervia*	/ˈnɜːrviə/	IAU new 2019Belgian proposal; adapted from Nervii, a Celtic tribe.
β Leporis A	Lepus	Nihal	/ˈnaɪ.æl/	
HD 136418	Boötes	Nikawiy*	//	IAU new 2019Canadian proposal; means 'mother' in the Cree language.
HD 48265	Puppis	Nosaxa*	//	IAU new 2019Argentinian proposal; means 'spring' in the Moqoit language.
σ Sagittarii Aa	Sagittarius	Nunki	/ˈnʌŋki/	Along with τ Sagittarii, it makes up the handle of the Teapot asterism.
β Coronae Borealis A	Corona Borealis	Nusakan	/ˈnjuːsəkæn/	
HD 17156	Cassiopeia	Nushagak*	/ˈnuːʃᵻɡæk/	IAU new 2019American proposal; named after the Nushagak River in Alaska.
WASP-15	Centaurus	Nyamien*	//	IAU new 2019Ivory Coast proposal; named after the supreme creator deity of Akan religion.
HD 149026	Hercules	Ogma	/ˈɒɡmə/	IAU new 2015Named after Ogma, a deity in Celtic mythology.
ζ Aquilae A	Aquila	Okab	/ˈoʊkæb/	
τ Scorpii A	Scorpius	Paikauhale	/ˌpaɪkaʊˈhɑːleɪ/	IAU new 2018
WASP-32	Pisces	Parumleo*	/pærəmˈliːoʊ/	IAU new 2019Singaporean proposal; the name is Latin for 'little lion'.
α Pavonis Aa	Pavo	Peacock	/ˈpiːkɒk/	"Designated ""Peacock"" (after the constellation) by His Majesty's Nautical Almanac Office for the Royal Air Force in the 1930s."
WASP-80	Aquila	Petra*	/ˈpiːtrə/	IAU new 2019Jordanian proposal; Named after Petra, the archaeological city and UNESCO World Heritage Site.
α Columbae	Columba	Phact	/ˈfækt/	
γ Ursae Majoris Aa	Ursa Major	Phecda	/ˈfɛkdə/	A member of the Big Dipper or the Plough (UK). Alternative traditional names are Phekda or Phad.
γ Ursae Minoris	Ursa Minor	Pherkad	/ˈfɜːrkæd/	
HD 192263	Aquila	Phoenicia*	/fᵻˈnɪʃ(i)ə/	IAU new 2019Lebanese proposal; named after Phoenicia, the ancient civilisation.
λ Cancri	Cancer	Piautos	/piˈɔːtɒs/	
HD 164604	Sagittarius	Pincoya*	/pɪŋˈkɔɪə/	IAU new 2019Chilean proposal; named after Pincoya, a female water spirit from local mythology.
TrES-3	Hercules	Pipoltr*	//	IAU new 2019Liechtenstein proposal; named after a bright and visible butterfly in the local dialect of Triesenberg.
μ2 Scorpii A	Scorpius	Pipirima	/pᵻˈpɪrᵻmə/	
28 Tauri Aa	Taurus	Pleione	/ˈplaɪəniː, ˈpliːəniː/	Member of the Pleiades open star cluster (M45). Pleione was the mother of the Pleiades sisters in Greek mythology.
HD 221287	Tucana	Poerava*	//	IAU new 2019Cook Islands proposal; means a large mystical black pearl in the Cook Islands Māori language.
α Ursae Minoris	Ursa Minor	Polaris	/poʊˈlɛərᵻs/	Became known as stella polaris ('polar star') during the Renaissance.: 23  See polar star for other names based on its position close to the celestial pole.
σ Octantis	Octans	Polaris Australis	/poʊˈlɛərᵻs ɔːˈstreɪlᵻs/	See South Star.
μ Sagittarii Aa	Sagittarius	Polis	/ˈpɒlᵻs/	
β Geminorum	Gemini	Pollux	/ˈpɒləks/	
γ Virginis A	Virgo	Porrima	/ˈpɒrɪmə/	
46 Leonis Minoris	Leo Minor	Praecipua	/prᵻˈsɪpjuə/	
γ Tauri A	Taurus	Prima Hyadum	/ˌpraɪmə ˈhaɪədəm/	
α Canis Minoris A	Canis Minor	Procyon	/ˈproʊsiɒn/	Ancient Greek: προκύον prokuon ('preceding the Dog') (viz. Sirius); Latinized as Antecanis.
η Geminorum A	Gemini	Propus	/ˈproʊpəs/	
α Centauri C	Centaurus	Proxima Centauri	/ˌprɒksɪmə sɛnˈtɔːraɪ/	The nearest star to the Sun.
ε Eridani	Eridanus	Ran	//	IAU new 2015Named after Rán, the Norse goddess of the sea.
HD 153950	Scorpius	Rapeto*	//	IAU new 2019Malagasy proposal; the name of a giant creature from folklore.
μ Leonis	Leo	Rasalas	/ˈræsəlæs/	
α1 Herculis Aa	Hercules	Rasalgethi	/ˌræsəlˈdʒiːθi/	Also spelled Ras Algethi.
α Ophiuchi A	Ophiuchus	Rasalhague	/ˈræsəlheɪɡ/	Also spelled Ras Alhague.
β Draconis A	Draco	Rastaban	/ˈræstəbæn/	
γ Velorum	Vela	Regor†	/ˈriːɡɔːr/	Also known as Suhail and Suhail al Muhlif, which also apply to λ Velorum (Suhail).
α Leonis A	Leo	Regulus	/ˈrɛɡjʊləs/	"Latin for 'prince' or 'little king'. Regulus was known to Persian astrologers as ""Venant, Watcher of the North"", one of the royal stars."
ζ Piscium A	Pisces	Revati	/ˈreɪvəti/	
β Orionis A	Orion	Rigel	/ˈraɪdʒəl/	Traditional name first recorded in the Alfonsine Tables of 1252 and derived from the Arabic name الرجل الجوزاء اليسرى ar-rijl al-jawzāʾ al-yasrá ('the left leg (foot) of Jauzah') (rijl meaning 'leg, foot').: 312–313
α Centauri A	Centaurus	Rigil Kentaurus	/ˈraɪdʒəl kɛnˈtɔːrəs/	The name is originally from Arabic: رجل قنطورس rijl qantūris ('foot of the centaur').
HD 149143	Ophiuchus	Rosalíadecastro*	//	IAU new 2019Spanish proposal; named after the writer Rosalía de Castro.
β Delphini A	Delphinus	Rotanev	/ˈroʊtənɛv/	"The name appeared in Piazzi's Palermo Star Catalogue in 1814, added by Niccolò Cacciatore as a prank along with Sualocin (α Delphini); ""Rotanev"" is Venator, the Latin form of Italian: Cacciatore ('hunter'), spelt backwards."
δ Cassiopeiae Aa	Cassiopeia	Ruchbah	/ˈrʌkbə/	Derived from Arabic: ركبة rukba ('knee'). The alternative historical name Ksora appeared in a 1951 publication, Atlas Coeli (Skalnate Pleso Atlas of the Heavens) by Czech astronomer Antonín Bečvář; professor Paul Kunitzch has been unable to find any clues as to the origin of the name.: 62
α Sagittarii	Sagittarius	Rukbat	/ˈrʌkbæt/	
η Ophiuchi A	Ophiuchus	Sabik	/ˈseɪbɪk/	
ζ Aurigae A	Auriga	Saclateni	/sækləˈtiːni/	
γ Aquarii Aa	Aquarius	Sadachbia	/səˈdækbiə/	
μ Pegasi	Pegasus	Sadalbari	/ˌsædəlˈbɛəri/	
α Aquarii A	Aquarius	Sadalmelik	/ˌsædəlˈmɛlɪk/	
β Aquarii A	Aquarius	Sadalsuud	/ˌsædəlˈsuːəd/	
γ Cygni A	Cygnus	Sadr	/ˈsædər/	
HD 100777	Leo	Sagarmatha*	/sæɡərˈmɑːθə/	IAU new 2019Nepalese proposal; the Nepali name for the world's highest peak (Mount Everest).
κ Orionis	Orion	Saiph	/ˈseɪf/	Traditional name from Arabic: سیف الجبار sayf al-jabbār, literally 'saif ('sword') of the giant'.
τ Pegasi	Pegasus	Salm	/ˈsɑːm/	
HD 205739	Piscis Austrinus	Sāmaya*	//	IAU new 2019Sri Lankan proposal; means 'peace' in the Sinhala language.
HAT-P-34	Sagitta	Sansuna*	//	IAU new 2019Maltese proposal; a mythological giant from Maltese folk tales.
θ Scorpii A	Scorpius	Sargas	/ˈsɑːrɡæs/	
δ Herculis Aa	Hercules	Sarin	/ˈsɛərɪn/	
θ Ursae Majoris	Ursa Major	Sarir†[citation needed]	//	
53 Eridani A	Eridanus	Sceptrum	/ˈsɛptrəm/	"Formerly ""p Sceptri"" in the constellation of Sceptrum Brandenburgicum."
β Pegasi	Pegasus	Scheat	/ˈʃiːæt/	
α Cassiopeiae	Cassiopeia	Schedar	/ˈʃɛdɑːr/	Also traditionally bore the name Schedir; both originally from Arabic: صدر ṣadr ('breast'); also called الضاة الكرسي aḍ-ḍāh al-kursiyy ('the lady in the chair' by Ulugh Beg, whence Dath Elkarti by Giovanni Battista Riccioli in 1651.
δ Tauri Aa	Taurus	Secunda Hyadum	/sᵻˈkʌndə ˈhaɪədəm/	
ε Cassiopeiae	Cassiopeia	Segin	/ˈsɛɡᵻn/	From an erroneous transcription of Seginus, the traditional name for γ Boötis.
γ Boötis Aa	Boötes	Seginus	/sᵻˈdʒaɪnəs/	A mistranscription of the Arabic form of Boötes.
α Sagittae	Sagitta	Sham	/ˈʃæm/	
HD 99109	Leo	Shama*	//	IAU new 2019Pakistani proposal; an Urdu literary term meaning 'a small lamp or flame'.
HIP 79431	Scorpius	Sharjah*	/ˈʃɑːrdʒə/	IAU new 2019United Arab Emirates proposal; named after Sharjah, the cultural capital and city of knowledge of the UAE.
λ Scorpii Aa	Scorpius	Shaula	/ˈʃɔːlə/	
β Lyrae Aa1	Lyra	Sheliak	/ˈʃiːliæk/	
β Arietis A	Aries	Sheratan	/ˈʃɛrətæn/	
HD 181720	Sagittarius	Sika*	//	IAU new 2019Ghanaian proposal; means 'gold' in the Ewe language.
α Canis Majoris A	Canis Major	Sirius	/ˈsɪriəs/	"Ancient Greek: Σείριος 'the scorcher'; in Egyptian Sopdet, rendered in Greek as Σῶθις Sōthis. As the brightest star in the sky, Sirius has proper names in numerous cultures, including Polynesian (Māori: Takurua; Hawaiian: Ka'ulua ('Queen of Heaven'), among others). Also known as the ""Dog Star""."
κ Aquarii A	Aquarius	Situla	/ˈsɪtjʊlə/	
δ Aquarii A	Aquarius	Skat	/ˈskæt/	
BD+14 4559	Pegasus	Solaris*	/soʊˈlɑːrᵻs/	IAU new 2019Polish proposal; named after Solaris, a novel by Stanisław Lem.
α Virginis Aa	Virgo	Spica	/ˈspaɪkə/	Other traditional names are Azimech, from Arabic: السماك الأعزل as-simāk al-ʾaʿzal ('the undefended') and Alarph, Arabic for 'the grape gatherer'. Known in Indian astronomy as Chitra ('the bright one').
HAT-P-6	Andromeda	Sterrennacht*	//	IAU new 2019Dutch proposal; named after The Starry Night by Vincent van Gogh.
HD 75898	Lynx	Stribor*	//	IAU new 2019Croatian proposal; named after Stribog, the god of winds in Slavic mythology. Stribor is also a character in the book Priče iz davnine (Croatian Tales of Long Ago) by Ivana Brlić-Mažuranić.
α Delphini Aa	Delphinus	Sualocin	/suˈɒloʊsɪn/	"The name appeared in Piazzi's Palermo Star Catalogue in 1814, added by Niccolò Cacciatore as a prank along with Rotanev (β Delphini); ""Sualocin"" is Nicolaus, the Latin form of Italian: Niccolò ('Nicholas'), spelt backwards."
ο Leonis Aa	Leo	Subra	/ˈsuːbrə/	
λ Velorum	Vela	Suhail	/ˈsuːheɪl/	Traditionally, this name also applied to γ Velorum (Regor).
γ Lyrae	Lyra	Sulafat	/ˈsuːləfæt/	
ι Virginis	Virgo	Syrma	/ˈsɜːrmə/	
π3 Orionis	Orion	Tabit	/ˈteɪbɪt/	
HAT-P-40	Lacerta	Taika*	//	IAU new 2019Lithuanian proposal; means 'peace' in the Lithuanian language.
χ Ursae Majoris	Ursa Major	Taiyangshou	/ˌtaɪæŋˈʃoʊ/	From the Chinese name 太陽守 Tàiyángshǒu ('guard of the Sun').
8 Draconis	Draco	Taiyi	/ˌtaɪˈjiː/	From the Chinese name 太乙 Tàiyǐ or 太一 Tàiyī ('the great one'), both of which refer to Tao.
ι Ursae Majoris Aa	Ursa Major	Talitha	/ˈtælᵻθə/	Also called Talitha Borealis, as Talitha originally referred to κ Ursae Majoris (Alkaphrah) and ι Ursae Majoris together.
WASP-21	Pegasus	Tangra*	//	IAU new 2019Bulgarian proposal; named after Tengri, the god early Bulgars worshiped.
μ Ursae Majoris A	Ursa Major	Tania Australis	/ˈteɪniə ɔːˈstreɪlᵻs/	
λ Ursae Majoris A	Ursa Major	Tania Borealis	/ˈteɪniə ˌbɒriˈælᵻs/	
HD 63765	Carina	Tapecue*	//	IAU new 2019Bolivian proposal; means 'Milky Way' in Guarani.
γ Aquilae	Aquila	Tarazed	/ˈtærəzɛd/	Alternative traditional spelling of Tarazet.
β Cancri A	Cancer	Tarf	/ˈtɑːrf/	
19 Tauri Aa	Taurus	Taygeta	/teɪˈɪdʒᵻtə/	Member of the Pleiades open star cluster (M45). Taygete was one of the Pleiades sisters in Greek mythology.
ζ1 Cancri A	Cancer	Tegmine	/ˈtɛɡmᵻniː/	Alternative traditional name of Tegmen.
μ Geminorum Aa	Gemini	Tejat	/ˈtiːdʒət/	Traditional name, also called Tejat Posterior.
ω Sagittarii A	Sagittarius	Terebellum	/tɛrᵻˈbɛləm/	From Ptolemy's τετράπλευρον tetrapleuron ('quadrilateral'), a group of four stars of which ω Sagittarii is the brightest.
HAT-P-9	Auriga	Tevel*	//	IAU new 2019Israeli proposal; means 'world' or 'universe' in the Hebrew language.
υ Orionis	Orion	Thabit†	/ˈθeɪbɪt/	
υ2 Eridani	Eridanus	Theemin	/ˈθiːmən/	Also written as Theemim or Beemin.
α Draconis A	Draco	Thuban	/ˈθjuːbæn/	
β Gruis	Grus	Tiaki	/tiˈɑːki/	
ζ Tauri A	Taurus	Tianguan	/tiænˈɡwɑːn/	In Chinese, 天關 Tiānguān ('celestial gate'). Also reported as Akkadian: Shurnarkabti-sha-shūtū ('the star in the bull towards the south' or 'the southern star towards the chariot').: 391
7 Draconis	Draco	Tianyi	/tiænˈjiː/	From the Chinese name 天乙 Tiānyǐ or 天一 Tiānyī ('the Celestial Great One'), a deity in Taoism.
HD 148427	Ophiuchus	Timir*	//	IAU new 2019Bangladeshi proposal; means 'darkness' in the Bengali language.
WASP-161	Puppis	Tislit*	//	IAU new 2019Moroccan proposal; named after Tislit Lake and means 'the bride' in the Amazigh language. Associated with a heartbroken girl in legend.
υ Andromedae A	Andromeda	Titawin	/tɪtəˈwiːn/	IAU new 2015Named after the settlement in northern Morocco and UNESCO World Heritage Site now known as the medina (old town) of Tétouan.
WASP-22	Eridanus	Tojil*	//	IAU new 2019Guatemalan proposal; the Tohil (patron deity) of the K'iche' Maya.
α Centauri B	Centaurus	Toliman	/ˈtɒlɪmæn/	The name is originally from Arabic: ظليمان ẓalīmān ('two (male) ostriches').
HD 104985	Camelopardalis	Tonatiuh	/toʊnəˈtiːuː/	IAU new 2015Named after Tonatiuh, the Aztec god of the Sun.
ο Piscium A	Pisces	Torcular	/ˈtɔːrkjʊlər/	
HAT-P-36	Canes Venatici	Tuiren*	//	IAU new 2019Irish proposal. The aunt of the warrior Fionn mac Cumhaill of Irish legend.
HD 108147	Crux	Tupã*	//	IAU new 2019Paraguayan proposal; Tupã is the name of God in the Guarani language.
HD 23079	Reticulum	Tupi*	/ˈtuːpi/	IAU new 2019Brazilian proposal; named after the indigenous Tupi people.
ρ Puppis A	Puppis	Tureis	/ˈtjʊəreɪs/	
ι Hydrae	Hydra	Ukdah	/ˈʌkdə/	
HD 102117	Centaurus	Uklun*	/ˈʌklən/	IAU new 2019Pitcairn Islands proposal. Aklen means 'we/us' in the Pitkern language.
α Serpentis	Serpens	Unukalhai	/ˌjuːnək.ælˈheɪ/	From Arabic: عنق الحية ʿunuq al-ḥayya ('the serpent's neck'), called Cor Serpentis ('Heart of the Serpent') in Latin.
σ Canis Majoris	Canis Major	Unurgunite	/ˌʌnərˈɡʌnaɪt/	
HD 231701	Sagitta	Uruk*	/ˈʊrʊk/	IAU new 2019Iraqi proposal; named after Uruk, an ancient city of Sumer and Babylonia in Mesopotamia.
α Lyrae	Lyra	Vega	/ˈviːɡə, ˈveɪɡə/	The name is originally from Arabic: النسر الواقع an-nasr al-wāqiʿ ('the alighting vulture') also translated as vulture cadens ('falling vulture') (see also Aetos Dios, Stymphalian birds). As the second brightest star in the northern sky, Vega has names in numerous cultures. In Chinese, it is known as 織女 ('weaving girl') from the Qi Xi love story. Vega is one of the vertices of the Summer Triangle asterism.
14 Andromedae A	Andromeda	Veritate	/ˌvɛrᵻˈteɪtiː/	IAU new 2015Latin for 'where there is truth'.
ε Virginis	Virgo	Vindemiatrix	/vɪnˌdiːmiˈeɪtrɪks/	Vindemiatrix is Latin for '(female) grape gatherer'.
δ Geminorum Aa	Gemini	Wasat	/ˈweɪsət/	
β Columbae	Columba	Wazn	/ˈwɒzən/	
δ Canis Majoris Aa	Canis Major	Wezen	/ˈwiːzən/	
ζ Phoenicis Aa	Phoenix	Wurren	/ˈwʊrən/	A traditional name in the culture of the Wardaman people of the Northern Territory of Australia.
μ1 Scorpii Aa	Scorpius	Xamidimura	/ˌkæmidiˈmʊərə/	
HD 173416	Lyra	Xihe*	/ˈʃiːhə/	IAU new 2019Nanjing proposal; Xihe is the goddess of the Sun in Chinese mythology. The star also represents the earliest Chinese astronomers and makers of calendars.
λ Boötis	Boötes	Xuange	//	From the Chinese name 玄戈 Xuángē ('sombre lance').
ε Ophiuchi	Ophiuchus	Yed Posterior	/ˌjɛd pɒˈstɪəriər/	
δ Ophiuchi	Ophiuchus	Yed Prior	/ˌjɛd ˈpraɪər/	
δ Ursae Minoris	Ursa Minor	Yildun	/jɪlˈdʌn/	From yildiz, Turkish for 'star'.
η Virginis Aa	Virgo	Zaniah	/ˈzeɪniə/	
γ Eridani	Eridanus	Zaurak	/ˈzɔːræk/	Traditional name, alternatively spelled Zaurac; originally from Arabic: زورق zawraq ('boat').: 218
β Virginis	Virgo	Zavijava	/ˌzævᵻˈdʒævə/	
υ1 Hydrae A	Hydra	Zhang	/ˈdʒæŋ/	From the Chinese name 張 Zhāng ('extended net').
ζ Eridani Aa	Eridanus	Zibal	/ˈzaɪbəl/	
δ Leonis	Leo	Zosma	/ˈzɒzmə/	
α2 Librae Aa	Libra	Zubenelgenubi	/zuːˌbɛnɛldʒᵻˈnuːbi/	
γ Librae A	Libra	Zubenelhakrabi	/zuːˌbɛnɛlˈhækrəbi/	
β Librae	Libra	Zubeneschamali	/zuːˌbɛnɛʃəˈmeɪli/	
δ Capricorni	Capricornus	Scheddi†	//	
ε Leonis	Leo	Ras Elased Australis†	//	
δ Eridani	Eridanus	Rana†	//	Rana is Latin for 'frog'.
μ Virginis	Virgo	Rijl al Awwa†	//	
ω2 Cygni	Cygnus	Ruchba†	//	
ζ Aurigae	Auriga	Sadatoni†	//	
ν Ophiuchi	Ophiuchus	Sinistra†	//	
δ Sagittarii	Sagittarius	Media†	//	
α Ceti	Cetus	Menkab†	//	
ε Corvi	Corvus	Minkar†	//	
β Canis Majoris	Canis Major	Murzim†	//	
π Ursae Majoris	Ursa Major	Muscida†	//	
ι Orionis	Orion	Nair Al Saif†	//	
γ2 Sagittarii	Sagittarius	Nash†	//	
π Capricorni	Capricornus	Okul†	//	
α Capricorni	Capricornus	Giedi†	//	
κ Scorpii	Scorpius	Girtab†	//	
ρ Persei	Perseus	Gorgonea Tertia†	//	
ζ Aurigae	Auriga	Haedus†	//	
λ Orionis	Orion	Heka†	//	
ζ Aurigae	Auriga	Hoedus (I)†	//	
η Aurigae	Auriga	Hoedus II†	//	
ι Aurigae	Auriga	Kabdhilinan†	//	
ε Capricorni	Capricornus	Kastra†	//	
ν Draconis	Draco	Kuma†	//	
ι Ursae Majoris	Ursa Major	Dnoces†	//	
δ Leonis	Leo	Duhr†	//	
α Trianguli	Triangulum	Elmuthalleth†	//	
β Piscium	Pisces	Fum al Samakah†	//	
γ Trianguli Australis	Triangulum Australe	Gatria†	//	
ζ Sagittarii	Sagittarius	Askella†	//	
β Canum Venaticorum	Canes Venatici	Asterion†	//	
δ Virginis	Virgo	Auva†	//	
ζ Aurigae	Auriga	Azaleh†	//	
θ Pegasi	Pegasus	Baham†	//	
η Ursae Majoris	Ursa Major	Benetnasch†	//	
β Trianguli Australis	Triangulum Australe	Betria†	//	
α2 Canum Venaticorum	Canes Venatici	Chara†	//	
β Ophiuchi	Ophiuchus	Cheleb†	//	
β Serpentis	Serpens	Chow†	//	
ε Delphini	Delphinus	Deneb Dulfim†	//	
ι Ceti	Cetus	Deneb Kaitos Schemali†	//	
η Ceti	Cetus	Dheneb†	//	
ι Aquilae	Aquila	Al Thalimain†	//	
λ Aquilae	Aquila	Al Thalimain†	//	
γ Virginis	Virgo	Arich†	//	
η Capricorni	Capricornus	Armus†	//	
α Coronae Australis	Corona Australis	Alfecca Meridiana†	//	
ξ Cephei	Cepheus	Alkurah†	//	
γ Cephei	Cepheus	Alrai†	//	
α Sagittarii	Sagittarius	Alrami†	//	
η Geminorum	Gemini	Tejat Prior†	//	
ε Draconis	Draco	Tyl†	//	
γ Librae	Libra	Zuben-el-Akrab†	//	
δ Librae	Libra	Zuben-el-Akribi†	//	
